Adia,adia
Adorahuginn,adorahuginn
Adorariel,adorariel,ador:
AndosTheGreat,andosthegreat
Another Adventurer,another adventurer
Arduen,arduen
Areda,areda
Arfiring,arfiring
Ariadna,ariadna
Augustus II,augustus ii,augustus 1,augustus i
Aunaya,aunaya
Ayve,ayve
BLAQSCOPE,blaqscope
Bagas,bagas
Bazan,bazan
Belang
Blue Jay24,blue jay24
Cedora,cedora
Cimorene,cimorene
Dafur,dafur
Deercamp,deercamp
Deyernus,deyernus
Dibbers,dibbers
Dibrineyl,dibrineyl
Dimes,dimes
Elduel,elduel
Elrohan,elrohan
Elrond,elrond
Emily,emily
Eyfanad,eyfanad
Eyloten,eyloten
Fekasa,fekasa
Feninor,feninor
Ferdana,ferdana
Finiing,finiing,fi
Fordrellador,fordrellador
Forin,forin
Fosida,fosida
Frankdrovard,frankdrovard
Funduen,funduen
Gazius,gazius
George,george
Goltikasa,goltikasa
Granidred,granidred
Hippo,hippo
I,i
Jericho,jericho
Jon Snow,jon snow
Julia Ukraine,julia ukraine
Justice,justice
Kody,kody
Kurezak,kurezak
Ladora,ladora
Lady Caroline,lady caroline
Lanfirilas,lanfirilas
Lardrien,lardrien
Larduen,larduen
Lemans I,lemans i,lemans |
Leonardopas,leonardopas
Luchduen,luchduen
MB,mb
Maira,maira
Marafil,marafil
Masius,masius
Master Rasta,master rasta
Meninad,meninad
Mightshaper,mightshaper
Nader297,nader297
Natho,natho
Nerin,nerin
Nightraven,nightraven
Nijurus,nijurus
Nilaath,nilaath
Nimdriel,nimdriel
Noli,noli
Oligarch,oligarch
Ozinvud,ozinvud
Piston01,piston01,pistono1
Porcelain God,porcelain god
Profit,profit
Pryntyl,pryntyl
Purefont,purefont
ROOIKAT,rooikat
Rainbrand,rainbrand
Rakanalbqoom,rakanalbqoom
Ranger,ranger,rangert
Relentless Realist,relentless realist
Robot Monk,robot monk
RoscoPikoTrain,roscopikotrain,roscopikotr:,roscopikotr
Rouli,rouli
SULTANROVSHAN,sultanrovshan
Sabriell,sabriell
Saintos,saintos
Sallotilas,sallotilas
Samugor,samugor
Sergen,sergen
Sevinc,sevinc
Sevine,sevine
Shathis,shathis
Stoqn,stoqn
Strategor,strategor
THE ARCHITECT,the architect
TMS,tms
Tashicage,tashicage
Taucage,taucage
Terin,terin
Tijoo Jagn II,tijoo jagn ii,tijoo jagf i!,tijoo jagf il,tijoo jagfi il,tijoo jaga il,tijoo jaga it
Tojakora,tojakora
TuranTurkl,turanturkl,turantirkl,turantiirkl
Turgon,turgon
Turin,turin
Turledef,turledef
Umswyn,umswyn
Wil the Second,wil the second
ahmad,ahmad
balder sr,balder sr
bookworm,bookworm
ilbasan04,ilbasan04,ilbasanog,ilbasanoq
mjavadshah,mjavadshah
shero,shero,
tsezar,tsezar
