3CPo,3cpo
Accelerator,accelerator
Aegrosad,aegrosad
Akinomuro,akinomuro
Alberikh,alberikh
AlexLeroc,alexleroc
Alexander Greek,alexander greek
Amginir,amginir
Archie,archie
Arni,arni
Bad FutherMucker,bad futhermucker
Bamsi,bamsi
Berohef,berohef
Bjorn,bjorn
Black Mamba,black mamba
Brandemet,brandemet
Brann Bronzebeard,brann bronzebeard
Braveheart,braveheart
Braveheart JNR,braveheart jnr
Brightskin,brightskin
Bubino71,bubino71
Bunnyman,bunnyman
Cain,cain
Catty,catty
Cenaya,cenaya
Cerim,cerim
Cesarz Saleka,cesarz saleka
Cesarzowa Cwieka,cesarzowa cwieka
Conjudred,conjudred
Cosmic Dancer,cosmic dancer
Cyril Figgis,cyril figgis
D23,d23
DAJMITU,dajmitu
DON IRON MIKE TYSON,don iron mike tyson
Dabb,dabb
Dacage,dacage
Dafur,dafur
DarkAngel,darkangel
Darvenen,darvenen
Deep Inside,deep inside
Defur,defur
Diabolik,diabolik
Digore,digore
Diovani,diovani
Doctor Krieger,doctor krieger
Dr Bruce BANNER,dr bruce banner
Dragon Armor,dragon armor
Drugo,drugo
Dugul,dugul
EL CHAPO GUZMAN,el chapo guzman
EVA,eva
Eydaen,eydaen
Eyfedef,eyfedef
FERDAUS,ferdaus
Fabrinir,fabrinir
Fagon,fagon
Fanlotilas,fanlotilas
Fearlessbeard,fearlessbeard
Felharne,felharne
Feli,feli
Finan,finan
Finvenen,finvenen
Fire Armor,fire armor
Fisk,fisk
Foolish Mortal,foolish mortal
Fosida,fosida
Foxhunter,foxhunter
Funfiren,funfiren
Genghis Khan,genghis khan
Germanicus,germanicus
Golgotha,golgotha
Gradog,gradog
Granidred,granidred
Graveleye,graveleye
Grikelv,grikelv
Gros jnr,gros jnr
Grosvenor,grosvenor
Grozilkree,grozilkree
Haiiro,haiiro
Heimdall,heimdall
Heretical Hermit,heretical hermit
Hermit,hermit
Hermit 500,hermit 500
Hulk,hulk
Immortal,immortal
Immortal I,immortal i
Jaakarhu,jaakarhu
Jeepster,jeepster
Jill,jill
KARMA,karma
KASS,kass
Kajko,kajko
Kall,kall
Kallen
Karo,karo
Karo 3,karo 3
Karodor,karodor
Karodor2,karodor2
Kerilir,kerilir
Kirimand,kirimand
Kit Carson,kit carson
Kokosz,kokosz
Kordobrek,kordobrek
Kosti,kosti
Kyperion Du Torbiney,kyperion du torbiney
LETS GO BRANDON,lets go brandon
LUCKY BEAR,lucky bear
Ladacznica,ladacznica
Lady G,lady g
Lady Hawke,lady hawke
Lanfir,lanfir
Lanmoin,lanmoin
Lardrien,lardrien
Legolas,legolas
Legon,legon
Lerinad,lerinad
Lilor,lilor
Lirafin,lirafin
Lirinir,lirinir
Logan,logan
Lordis,lordis
Lorfanor,lorfanor
Luciditee,luciditee
MADMAN,madman
MILI,mili
MIYAMOTO MUSASHI,miyamoto musashi
MMM,mmm
MMMm,mmmm
MONA,mona
MONTES,montes
MONTES P,montes p
Maanan,maanan
Mabrinad,mabrinad
Mador,mador
Maedrosin,maedrosin
Maelstrom,maelstrom
Magda Ewa,magda ewa
Majkel,majkel
Mal,mal
Mal the Uncrowned,mal the uncrowned
Manandis,manandis
Marcelo,marcelo
Marco,marco
MarcusTulliusCicero,marcustulliuscicero
Marvi,marvi
Marvilla,marvilla
Marvina,marvina
Masius,masius
Mausida,mausida
Maveriel,maveriel
Maximus Decimus,maximus decimus
Mazura,mazura
Meddry,meddry
Menelaos,menelaos
Mighty Forger,mighty forger
Minerva,minerva
Mingo 2,mingo 2
Modnar,modnar
Moginn,moginn
Mogra,mogra
Monaoka,monaoka
Monster Killer,monster killer
Morardin,morardin
Morg,morg
Morn,morn
Mr BaCk,mr back
Muradin Bronzebeard,muradin bronzebeard
NEVIO,nevio
NaChos,nachos
Nevio500,nevio500
Nevyn,nevyn
Nilaath,nilaath
Nobody special,nobody special
Norbee1984,norbee1984
Nygus,nygus
Ognisty Smok,ognisty smok
Ollin,ollin
Osferth,osferth
Painmoon,painmoon
Pearl,pearl
Portia,portia
Priligy,priligy
Pryntyl,pryntyl
Puck,puck
Quick,quick
RED GUARDIAN,red guardian
Racibor,racibor
Rain,rain
Rainblade,rainblade
RatkoM,ratkom
Ray Gillette,ray gillette
Raya,raya
Rebellion,rebellion
RedDragon,reddragon
Rexfury,rexfury
Rhodorix,rhodorix
Rhodry,rhodry,rhody
Rori,rori
Rudepravo Italiano,rudepravo italiano
Rudolf,rudolf
SJ,sj
Sabar,sabar
Sailv,sailv
Samujas,samujas
Sassy Gal,sassy gal
Saucy Joy,saucy joy
Secret Keeper,secret keeper
SheHulk,shehulk
Sihtric,sihtric
Silverblade,silverblade
Sir Chthulhu I,sir chthulhu i
Sir Cthulhu I,sir cthulhu i
Sir Doc,sir doc
Sir James III Son of Hadur,sir james iii son of hadur
Sir RES,sir res
Sire Menion,sire menion
Sloth,sloth
Smok,smok
Smokn,smokn
Snowberry,snowberry
StarSailor,starsailor
Steapa,steapa
Sterling Archer,sterling archer
TOKUGAWA NOBUNAGA,tokugawa nobunaga
Tex Willer,tex willer
Teyuoan,teyuoan
Tha Supreme,tha supreme
The Gladiator,the gladiator
Thor,thor
Thorn,thorn
Thorn K500,thorn k500
Thoth,thoth
Tolnozin,tolnozin
Tonto,tonto
Tricolor Carioca,tricolor carioca
Tumi,tumi
Tumitac,tumitac
Turbrimir,turbrimir
Tygojind,tygojind
Tygoran,tygoran
Tygradi,tygradi
Uhtred,uhtred
Unicorn X,unicorn x
Vatharia,vatharia
Viper,viper
Viper I,viper i
Vlad the Impaler,vlad the impaler
Vugul,vugul
Well Constantino,well constantino
White Knight,white knight
Xan,xan
Xavier St Cloud,xavier st cloud
Xena,xena
Xenia,xenia
ZaCk,zack
aganaway,aganaway
attacking,attacking
desperados,desperados
doc48,doc48
here,here
idaco,idaco
mestesso,mestesso
nallekarhu,nallekarhu
nervous,nervous
semoury,semoury
zipkinci,zipkinci,
